{
  "contentModels":{
    "metadataContent":[
      "base",
      "link",
      "meta",
      "noscript",
      "script",
      "style",
      "template",
      "title"
    ],
    "flowContent":[
      "a",
      "abbr",
      "address",
      "area",
      "article",
      "aside",
      "audio",
      "b",
      "bdi",
      "bdo",
      "blockquote",
      "br",
      "button",
      "canvas",
      "cite",
      "code",
      "data",
      "datalist",
      "del",
      "details",
      "dfn",
      "dialog",
      "div",
      "dl",
      "em",
      "embed",
      "fieldset",
      "figure",
      "footer",
      "form",
      "h1",
      "h2",
      "h3",
      "h4",
      "h5",
      "h6",
      "header",
      "hr",
      "i",
      "iframe",
      "img",
      "input",
      "ins",
      "kbd",
      "label",
      "link",
      "main",
      "map",
      "mark",
      "math",
      "meter",
      "nav",
      "noscript",
      "object",
      "ol",
      "output",
      "p",
      "picture",
      "pre",
      "progress",
      "q",
      "ruby",
      "s",
      "samp",
      "script",
      "section",
      "select",
      "small",
      "span",
      "strong",
      "sub",
      "sup",
      "svg",
      "table",
      "template",
      "textarea",
      "time",
      "u",
      "ul",
      "var",
      "video",
      "wbr",
      "#text"
    ],
    "sectioningContent":[
      "article",
      "aside",
      "nav",
      "section"
    ],
    "headingContent":[
      "h1",
      "h2",
      "h3",
      "h4",
      "h5",
      "h6"
    ],
    "phrasingContent":[
      "a",
      "abbr",
      "area",
      "audio",
      "b",
      "bdi",
      "bdo",
      "br",
      "button",
      "canvas",
      "cite",
      "code",
      "datalist",
      "del",
      "dfn",
      "em",
      "embed",
      "i",
      "iframe",
      "img",
      "input",
      "ins",
      "kbd",
      "label",
      "link",
      "map",
      "mark",
      "math",
      "meter",
      "noscript",
      "object",
      "output",
      "picture",
      "progress",
      "q",
      "ruby",
      "s",
      "samp",
      "script",
      "select",
      "small",
      "span",
      "strong",
      "sub",
      "sup",
      "svg",
      "template",
      "textarea",
      "time",
      "u",
      "var",
      "video",
      "wbr",
      "#text"
    ],
    "embeddedContent":[
      "audio",
      "canvas",
      "embed",
      "iframe",
      "img",
      "math",
      "object",
      "picture",
      "svg",
      "video"
    ],
    "interactiveContent":[
      "a",
      "audio",
      "button",
      "details",
      "embed",
      "iframe",
      "img",
      "input",
      "label",
      "select",
      "textarea",
      "video"
    ],
    "palpableContent":[
      "a",
      "abbr",
      "address",
      "article",
      "aside",
      "audio",
      "b",
      "bdi",
      "bdo",
      "blockquote",
      "button",
      "canvas",
      "cite",
      "code",
      "data",
      "details",
      "dfn",
      "div",
      "dl",
      "em",
      "embed",
      "fieldset",
      "figure",
      "footer",
      "form",
      "h1",
      "h2",
      "h3",
      "h4",
      "h5",
      "h6",
      "header",
      "i",
      "iframe",
      "img",
      "input",
      "ins",
      "kbd",
      "label",
      "main",
      "mark",
      "math",
      "meter",
      "nav",
      "object",
      "ol",
      "output",
      "p",
      "pre",
      "progress",
      "q",
      "ruby",
      "s",
      "samp",
      "section",
      "select",
      "small",
      "span",
      "strong",
      "sub",
      "sup",
      "svg",
      "table",
      "textarea",
      "time",
      "u",
      "ul",
      "var",
      "video",
      "#text"
    ],
    "scriptSupportingElements":[
      "script",
      "template"
    ]
  },
  "elements":{
    "htmlElement":[
      "html"
    ],
    "documentMetadata":[
      "head",
      "title",
      "base",
      "link",
      "meta",
      "style"
    ],
    "sections":[
      "body",
      "article",
      "section",
      "nav",
      "aside",
      "h1",
      "h2",
      "h3",
      "h4",
      "h5",
      "h6",
      "header",
      "footer"
    ],
    "groupingContent":[
      "p",
      "address",
      "hr",
      "pre",
      "blockquote",
      "ol",
      "ul",
      "li",
      "dl",
      "dt",
      "dd",
      "figure",
      "figcaption",
      "main",
      "div"
    ],
    "textLevelSemantics":[
      "a",
      "em",
      "strong",
      "small",
      "s",
      "cite",
      "q",
      "dfn",
      "abbr",
      "ruby",
      "rb",
      "rt",
      "rtc",
      "rp",
      "data",
      "time",
      "code",
      "var",
      "samp",
      "kbd",
      "sub",
      "sup",
      "i",
      "b",
      "u",
      "mark",
      "bdi",
      "bdo",
      "span",
      "br",
      "wbr"
    ],
    "edits":[
      "ins",
      "del"
    ],
    "embeddedContent":[
      "picture",
      "source",
      "img",
      "iframe",
      "embed",
      "object",
      "param",
      "video",
      "audio",
      "track",
      "map",
      "area",
      "math",
      "svg"
    ],
    "links":[
      "a"
    ],
    "tabularData":[
      "table",
      "caption",
      "colgroup",
      "col",
      "tbody",
      "thead",
      "tfoot",
      "tr",
      "td",
      "th"
    ],
    "forms":[
      "form",
      "label",
      "input",
      "button",
      "select",
      "datalist",
      "optgroup",
      "option",
      "textarea",
      "output",
      "progress",
      "meter",
      "fieldset",
      "legend"
    ],
    "interactiveElements":[
      "details",
      "summary",
      "dialog"
    ],
    "scripting":[
      "script",
      "noscript",
      "template",
      "canvas"
    ],
    "disabledElements":[
      "button",
      "input",
      "select",
      "textarea",
      "optgroup",
      "option",
      "fieldset"
    ],
    "allElements":[
      "a",
      "a",
      "abbr",
      "address",
      "area",
      "article",
      "aside",
      "audio",
      "b",
      "base",
      "bdi",
      "bdo",
      "blockquote",
      "body",
      "br",
      "button",
      "canvas",
      "caption",
      "cite",
      "code",
      "col",
      "colgroup",
      "data",
      "datalist",
      "dd",
      "del",
      "details",
      "dfn",
      "dialog",
      "div",
      "dl",
      "dt",
      "em",
      "embed",
      "fieldset",
      "figcaption",
      "figure",
      "footer",
      "form",
      "h1",
      "h2",
      "h3",
      "h4",
      "h5",
      "h6",
      "head",
      "header",
      "hr",
      "html",
      "i",
      "iframe",
      "img",
      "input",
      "ins",
      "kbd",
      "label",
      "legend",
      "li",
      "link",
      "main",
      "map",
      "mark",
      "math",
      "meta",
      "meter",
      "nav",
      "noscript",
      "object",
      "ol",
      "optgroup",
      "option",
      "output",
      "p",
      "param",
      "picture",
      "pre",
      "progress",
      "q",
      "rb",
      "rp",
      "rt",
      "rtc",
      "ruby",
      "s",
      "samp",
      "script",
      "section",
      "select",
      "small",
      "source",
      "span",
      "strong",
      "style",
      "sub",
      "summary",
      "sup",
      "svg",
      "table",
      "tbody",
      "td",
      "template",
      "textarea",
      "tfoot",
      "th",
      "thead",
      "time",
      "title",
      "tr",
      "track",
      "u",
      "ul",
      "var",
      "video",
      "wbr"
    ]
  },
  "syntax":{
    "voidElements":[
      "area",
      "base",
      "br",
      "col",
      "embed",
      "hr",
      "img",
      "input",
      "link",
      "meta",
      "param",
      "source",
      "track",
      "wbr"
    ],
    "templateElements":[
      "template"
    ],
    "rawTextElements":[
      "script",
      "style"
    ],
    "escapableRawTextElements":[
      "textarea",
      "title"
    ],
    "foreignElements":[
      "math",
      "svg"
    ]
  },
  "nonConformingFeatures":{
    "obsoleteElements":[
      "acronym",
      "applet",
      "basefont",
      "bgsound",
      "big",
      "blink",
      "center",
      "dir",
      "font",
      "frame",
      "frameset",
      "isindex",
      "listing",
      "marquee",
      "menu",
      "menuitem",
      "multicol",
      "nextid",
      "nobr",
      "noembed",
      "noframes",
      "plaintext",
      "spacer",
      "strike",
      "tt",
      "xmp"
    ],
    "draftElements":[
      "command",
      "keygen"
    ]
  }
}